Time,Susceptible,Exposed,Infected,Recovered,Quarantined_Infected,Quarantined_Susceptible,Hospitalized,Deceased
0,40119492.354852565,0.0,13884,206339.85233446714,0.0,507539.63515663455,870.8401470010156,117093.3237476684
1,35194103.72749643,0.0,3443,328671.86936532776,0.0,3507090.2410976468,0.0,531118.9334701109
2,30604990.320392642,0.0,8184,188439.6066479127,6906.958673024128,7954013.295230344,0.0,0.0
3,25381143.98927811,121921.14168387667,10324,0.0,0.0,9407925.956859916,12440.305962553293,0.0
4,27292545.15531532,0.0,13760,0.0,0.0,11950896.431031171,0.0,0.0
5,24125019.093933053,68353.11394447701,17332,0.0,0.0,11485944.341766259,6293.911324697545,64264.23320195097
6,23104561.17113478,0.0,25367,0.0,69487.96731682567,13498009.4747162,13482.475114199626,285482.0780536602
7,24467291.210270137,37392.20858942365,30471,307972.3329921762,32533.67467604675,15397612.125399388,0.0,0.0
8,18550727.776458956,82091.16334194299,33585,0.0,22665.59628842162,16439565.182497736,0.0,139774.11373011986
9,20638537.619969033,0.0,30862,0.0,0.0,17733704.43913748,31442.510573920157,717824.7565895678
10,22409304.681076095,56257.50358650851,34259,179842.31569004123,0.0,18059957.032899167,13606.084710485204,0.0
11,19006836.011976976,0.0,37645,0.0,13290.906639347997,18627012.821549896,0.0,0.0
12,15856387.754757678,0.0,46015,0.0,28858.055071021554,18050523.160485666,12470.49955886122,0.0
13,17806782.022876583,330217.51015157526,44958,0.0,35900.51324929844,19964465.681953352,28221.450146295505,0.0
14,16865209.692178305,53286.775770657834,47735,369155.38242610474,0.0,17987538.642938983,18222.642635157994,0.0
15,14970328.34330917,0.0,52854,201845.38170483246,0.0,21251528.622280676,0.0,0.0
16,16338479.390159303,72882.46773794097,54392,0.0,0.0,20737472.75633859,8634.407635928368,175019.0145696491
17,20304972.0375895,32118.881654072833,64284,10401.073362384352,35595.44953285652,19933890.287327815,0.0,0.0
18,18478071.803574346,0.0,67382,0.0,0.0,20557657.594297234,0.0,756653.8700260149
19,13624086.366209988,28967.23872190728,64254,630041.5426089158,0.0,20177216.54058758,0.0,0.0
20,12213340.198750703,112639.01745155327,67505,0.0,53079.461565170364,20916388.37489921,4883.693198057669,117361.18468824978
21,16582809.219722534,58179.84534699696,86889,0.0,0.0,23772991.3818407,0.0,231344.39192288314
22,13365677.085794672,160674.41293892122,73945,0.0,0.0,20058873.12068562,16923.919420760627,0.0
23,16053753.730752306,81596.57887865404,77133,69385.49278788868,0.0,20931473.520991933,0.0,23528.538125369345
24,14610424.212742599,0.0,85277,0.0,0.0,22196181.771917105,31966.972168704146,443526.5487817344
25,17988448.78341793,13704.758408659483,83439,134868.56957747196,0.0,23222905.599978536,13939.208363454165,0.0
26,16575734.762740888,0.0,86555,0.0,0.0,21519993.609312665,14444.382640612945,0.0
27,14551237.299615823,108925.41840467048,91794,199939.1796899868,0.0,21894285.54338472,14468.089092062124,0.0
28,18410046.561031755,84830.99186678158,92710,289298.253782216,0.0,22847219.701063514,0.0,482528.33627889905
29,15761895.185139148,0.0,95747,0.0,0.0,20709144.913193315,570.3596302170092,0.0
30,19328364.380103257,0.0,98755,188161.92008992916,0.0,21379631.992860023,48667.40728693295,0.0
31,13167828.47606221,15191.470402898945,108855,0.0,0.0,22841683.81416659,20243.43925491603,0.0
32,15721013.1929862,34601.41843440433,104683,529977.5566435547,51259.97559312296,22650145.728103235,10804.801870063002,437375.50110423437
33,16471090.94543481,79710.41303938825,107601,0.0,0.0,21340723.607438326,0.0,634410.7224256712
34,13427208.371043345,0.0,110487,0.0,0.0,22542548.970221113,13828.506203969942,0.0
35,14336070.552507194,0.0,121053,159397.37004970646,0.0,20207252.355110053,0.0,0.0
36,14704812.78144715,106056.39509104485,116160,190459.85349200343,0.0,23046921.051726248,0.0,12654.451158974001
37,13407217.940016318,0.0,118945,0.0,0.0,21460053.553473756,0.0,0.0
38,13867694.891046291,131365.7114531217,128388,304001.8034177817,0.0,22815969.89133274,12803.638440021945,0.0
39,15207188.830389168,0.0,126267,385077.7236543097,0.0,22064514.948155303,1727.6178048384538,0.0
40,16449085.102294859,88033.75975736335,132038,0.0,80918.77069694214,22240574.931881964,0.0,0.0
41,14491727.3233432,16014.236541454626,134025,0.0,0.0,20825666.919413902,2788.602036927256,0.0
42,13891447.608787175,1012.9489277483085,132559,501518.76436631253,6785.329260397637,21876222.14120505,0.0,0.0
43,18531779.27770689,0.0,138835,154102.0435378456,0.0,23758800.731591493,4015.859021137983,269983.0408110474
44,14922922.823492143,0.0,138841,0.0,17690.637198899425,21599583.846519943,0.0,0.0
45,18301887.542778727,19373.086852585682,139892,155827.37954027194,62188.63037719121,24003041.417198274,0.0,0.0
46,14970877.876637965,0.0,142331,0.0,75249.33228193561,22972431.59104644,17750.52818803932,0.0
47,15350504.264501683,9270.438837911068,150375,69596.79587405875,0.0,22657957.96731331,0.0,103106.93005710588
48,16576958.983002527,183606.00859902127,152902,66237.88631609012,0.0,23898547.308170613,8850.597908214937,1083814.1355519383
49,19038221.600837212,0.0,155441,19597.6027710997,56946.22136485123,22167486.736579582,24825.330182028927,0.0
50,12501458.78409733,95140.5084974128,157551,0.0,0.0,23535727.301538832,5051.437642691023,337794.28643436497
51,19613663.251777597,3126.257010802298,154504,0.0,0.0,23831103.873721592,4781.862629368415,0.0
52,15913921.288164802,0.0,156059,736835.0838027125,0.0,22093105.590847284,5396.033401130946,0.0
53,15471451.197639572,0.0,158189,308933.06260588235,165756.5722255019,23931956.183157273,17599.38374637279,0.0
54,17788615.213541478,0.0,160272,579279.6330423985,0.0,23508178.504034474,8401.141186874618,142027.17894996415
55,14053791.03143719,31904.275144025007,162308,542195.9128063602,35099.046380935106,22687012.379506852,1623.0265351737605,0.0
56,11021363.690088216,131379.5134390158,167993,47282.98109017218,0.0,22714258.757788714,0.0,0.0
57,14623367.843768574,13211.713587621578,172165,116827.5898913044,0.0,21577631.840382226,0.0,0.0
58,15786861.33113686,11446.874760218347,168124,267142.4545873797,0.0,22687384.505817007,0.0,217281.15231557496
59,15649422.6980026,0.0,169963,0.0,88348.07353065634,21712951.246405404,44421.28612109856,513216.31263655506
60,16953106.457607068,45582.6703721268,171753,0.0,13100.295866952454,22020660.919493552,0.0,411766.4108523397
61,12680314.994260415,0.0,173491,0.0,0.0,21598297.506863933,0.0,0.0
62,16236317.30201769,0.0,175931,0.0,12460.68308500895,23542922.389093846,0.0,0.0
63,14284384.78917649,0.0,176814,0.0,0.0,21333738.412946675,0.0,0.0
64,15296874.151291067,0.0,178396,128366.45194837687,0.0,22156941.042661063,3134.3537140469884,167184.15247056636
65,17156452.59113112,0.0,187055,119472.5267215612,38039.321633093954,22825421.075106498,23630.94126991752,258711.9063005546
66,18707795.91854823,19605.693704563568,195471,219059.41388119178,0.0,21183403.997330572,2159.0253269202576,197192.04152090347
67,16381125.663540471,54718.44401451782,182826,0.0,18818.74082749902,24053786.556673277,6815.520378675545,0.0
68,14174888.946760375,0.0,184194,0.0,37462.87640215186,22488342.498672053,33614.983910250856,337201.5795382963
69,15995479.963147221,0.0,185508,94957.77714652053,37787.493998272985,21950524.89744876,0.0,0.0
70,12926941.347430961,171558.2379879251,190092,0.0,0.0,21193701.999413203,0.0,506830.59634592565
71,15605085.340563418,0.0,187971,0.0,0.0,22744717.11637387,5362.311426131328,0.0
72,15043909.44218101,313.2119868781259,189119,0.0,14898.763301672998,22674896.009132087,0.0,0.0
73,15663361.696072621,68752.42915534982,199696,0.0,15154.300579721257,22222196.556965083,6505.442150265253,54712.32554109165
74,14962130.756706608,161230.05220913043,206700,0.0,7878.736330944647,23249804.35915789,11459.23919487874,0.0
75,13354354.374724397,10409.687148629118,198889,6579.102544038215,0.0,24273330.114380904,0.0,0.0
76,16183810.54917425,61261.344328088526,196489,0.0,0.0,22469860.788937032,0.0,359430.8523242388
77,11384147.574900247,116593.4598225561,200958,427783.5283434699,47249.82479625193,23323510.56207555,0.0,0.0
78,13931770.924661584,0.0,198915,67334.26944030289,0.0,23659209.68372036,0.0,647791.0294724545
79,18129210.81279591,0.0,195570,66838.74119944694,24652.263994620746,23728513.826804075,2846.763045169357,0.0
80,17146410.119585723,0.0,205407,192182.74389623982,4880.981007396764,23455074.27670119,4123.8761789725695,0.0
81,20031220.087878764,20027.75902167297,197195,0.0,0.0,22587231.123336926,14203.26309327435,0.0
82,15238771.303036014,0.0,197470,0.0,63286.443202435745,20953768.989066716,0.0,0.0
83,16379441.831784513,0.0,210136,368612.5137618425,7372.923828389325,22514423.58315302,0.0,344258.9309751578
84,18333047.963720568,0.0,198444,0.0,10943.942295016646,21643294.047740802,0.0,51504.87243616263
85,16606440.128256679,0.0,205636,0.0,33547.92802503307,20822427.90200891,0.0,403926.8250878572
86,17490960.291877434,0.0,201494,172191.8052106227,0.0,21349992.56629611,0.0,0.0
87,17376756.961764712,0.0,203903,0.0,0.0,21906562.125533383,36802.65221333114,32357.69252958061
88,16753322.684693068,184225.53012586426,199687,0.0,59076.06732468109,21859597.70647484,11211.210925021409,0.0
89,15955284.402268982,40709.23174890385,199850,194322.54067474103,37814.5229034465,22144751.18197665,0.0,979123.8514328107
90,15650368.15923102,0.0,199954,255876.05331923996,0.0,23414741.896406777,0.0,138433.5648328439
91,18168329.34949448,82705.19773041853,199998,0.0,25383.866136223438,23403413.4502387,25907.255756568964,346607.99669751065
92,11265575.25701465,0.0,199983,140051.62487846575,0.0,22227684.20771965,3226.6011619226274,0.0
93,15149436.68108569,95387.72256375954,199909,176561.6957150243,44307.667665609835,22195443.841841575,2021.002496517811,621067.7261681961
94,15852464.121484313,86960.75889800834,199776,179277.24201356297,19717.837335556873,22453098.008524403,17427.259332685106,0.0
95,15455477.003697235,84835.15669597167,216805,0.0,58410.67861581776,20268280.234739497,0.0,0.0
96,17346902.552912902,178544.7038477615,199332,0.0,0.0,21135085.770090625,4001.5474152611646,125187.26674505051
97,19355455.84085552,0.0,200235,278672.24857977085,35784.23823572752,23214711.297832526,17632.160159046904,0.0
98,14378393.55688628,157707.0188185701,204762,477900.0374830726,32258.807059176004,21647882.314517986,0.0,0.0
99,13218347.82042523,0.0,198223,0.0,0.0,21176628.172310367,0.0,0.0
100,13377474.209164856,0.0,197736,173504.77394670126,0.0,23281212.87329326,0.0,0.0
101,17636666.9886558,78964.8794173032,197190,0.0,16902.443797998305,20881276.577815577,0.0,340085.99260209274
102,16208994.0243356,0.0,212356,113175.45393229899,58212.65535165087,21459601.04144517,21957.971518558592,0.0
103,15340030.51628454,46155.71086211613,195923,0.0,0.0,21133584.739883464,23318.34048547247,160356.9980339432
104,13059983.398613062,0.0,195202,0.0,15480.348290055297,20908371.867273975,19820.826837956858,118541.29560109042
105,16744304.869950056,63235.77716152256,204914,0.0,19588.824469058814,23502723.31247938,3774.58153369997,0.0
106,18127881.772101805,0.0,193588,575017.0758579758,0.0,22818317.251750436,6448.421642665922,0.0
107,12815215.628677825,0.0,210412,0.0,1065.2202947711498,22193593.507887624,5987.766165066522,587953.1133331007
108,18283595.557267245,126025.42040362232,193252,345522.8999218067,0.0,22845150.887118503,12658.182131392676,0.0
109,17865034.742578242,8788.143873787869,206480,181683.43368655516,0.0,24721934.98793007,0.0,0.0
110,14502000.768033423,0.0,191073,0.0,0.0,24113196.40695618,1225.3250977466973,2931.18049880789
111,16561971.456727253,17007.907041675837,188552,0.0,10692.034684914375,22688637.488278743,5645.9020241447,0.0
112,13797237.479561556,0.0,187376,351107.0474670596,0.0,21099409.530511066,1097.3070940330522,0.0
113,15353311.874401448,0.0,191766,144792.33342639054,0.0,22224201.466482952,5808.633798834858,361049.6733529247
114,12301111.057270322,7580.786259109147,188004,0.0,66772.04057237718,20925292.89723111,20783.075729700602,0.0
115,17059164.72592394,31481.44306806322,183517,710020.0018763719,0.0,20242985.44320382,0.0,11461.074283457463
116,17656576.11969612,21604.70591366005,182121,0.0,0.0,21953821.61087059,8399.243061612557,0.0
117,11683713.173248366,0.0,181222,255805.0815015774,0.0,23118608.538160756,0.0,0.0
118,16133643.92382287,66955.90571508522,179288,0.0,12647.9151736868,21965423.40994613,0.0,0.0
119,14517683.46408714,31975.473372861376,177611,0.0,0.0,22176699.80070346,20529.26595116742,51972.50654058141
120,18981187.819672573,57749.76460434204,177065,285997.57668213104,0.0,22801814.637368757,2920.6084652811933,40466.02141532688
121,17226681.756108753,0.0,174341,0.0,0.0,23177130.423720244,56847.76393019465,0.0
122,17160988.75420932,110934.9260930212,184397,364362.6446148372,61957.203198734736,22519843.498669084,0.0,595257.848207962
123,14608585.71674667,44035.14543475952,181900,0.0,16657.755642376676,23754772.992430836,14368.175204980245,104560.25268877138
124,14495191.649842074,14885.610827703269,177610,0.0,27759.96905519699,22134599.774960876,11095.291542528128,218703.33922274478
125,13089804.586655874,3717.5677500043876,170646,0.0,10941.686508896993,21757417.00523152,0.0,0.0
126,16346579.193113968,0.0,165271,339112.6286501485,0.0,21179102.88268621,4808.887774722813,142317.0282704127
127,17117163.452138394,0.0,163308,543164.4234508263,18105.668561067185,22148194.818849314,0.0,583170.1621896697
128,11110960.319434717,0.0,161296,0.0,48608.744717186455,21996540.805456717,0.0,74599.90248936535
129,13462605.40679855,0.0,159237,0.0,0.0,21274112.470197886,6595.34125635586,33567.489413395175
130,11788426.800698915,132463.05288113837,165716,786771.9768787809,4518.933502492619,20968055.668677077,0.0,0.0
131,17348479.33352789,0.0,154977,157971.13320314884,9833.73478365852,22279727.61488604,8392.936830047583,666069.7135737623
132,15121666.788359767,25896.83063135414,152778,304769.83560128364,0.0,23368574.35807267,0.0,0.0
133,15801671.468730945,115106.57629511868,152916,176601.63126908444,17443.520780963718,19642967.425837725,0.0,0.0
134,15527485.01851641,39867.81106564981,155602,0.0,14309.62822509776,21359170.034501687,0.0,430237.70765136054
135,17658329.421232954,56762.35181780871,147074,0.0,0.0,23223758.651142564,0.0,25306.87863080491
136,16324894.150730576,73361.32099274723,143535,839389.4384824587,0.0,22482845.3067746,9687.48793918428,0.0
137,14196170.229757005,0.0,141621,146626.90752724576,5938.456391102101,22952340.72288636,2818.7437843416865,0.0
138,13585117.23651548,0.0,138656,93523.8862004878,9808.484154515594,20927348.058637094,32605.74929576644,145746.51984246372
139,14740826.72812278,176424.2630380894,136949,196837.70096574994,0.0,23290317.073805295,0.0,0.0
140,18016847.566492748,21507.735238520625,133613,390521.4319902213,72714.30138375371,23022485.87174525,10457.613559365709,0.0
141,16786472.635997307,31968.78009660799,131031,0.0,0.0,23379122.6932083,60025.67186812839,240838.8065760962
142,13357278.317107908,0.0,128411,0.0,0.0,22197727.28947093,0.0,121552.10509834877
143,18303805.522027776,0.0,125753,0.0,0.0,22821997.92687974,1299.5249054886103,0.0
144,14777452.60348038,77329.3170242834,124132,211064.81632759722,15356.463457619928,19633023.597644724,0.0,0.0
145,18162533.986166883,0.0,121354,0.0,55296.056588407315,22345873.263853114,21308.51481694033,0.0
146,14122800.152339136,95141.59224697888,118289,0.0,0.0,22646170.469325468,0.0,0.0
147,16385082.182685891,3120.8118053048725,122815,92898.33596448849,0.0,23586034.715859424,16319.643179742943,457714.96888526547
148,13406248.624468926,66601.2591218323,111918,0.0,54946.75029427885,23943156.964881595,0.0,224662.09375747156
149,13982045.712102324,0.0,109048,0.0,0.0,22397554.339499265,0.0,0.0
150,13485191.043876784,4969.0163127502055,107621,448624.5741995468,0.0,22620040.96208532,4381.991849579269,0.0
151,16957588.35950378,33559.116970767915,103212,0.0,0.0,22924650.56579854,11001.537684897592,293712.10733113944
152,16380635.87252659,15519.373668512524,101359,797563.1625018803,31019.741487473635,22835881.759196218,0.0,0.0
153,19411729.13891311,7491.774140975947,99559,421404.6984024628,20253.833355126877,23398626.021656945,0.0,0.0
154,17797214.196546827,31853.130632780216,100567,0.0,0.0,23477468.10908742,0.0,191686.86744858616
155,14934930.439493906,16854.807417109172,91181,0.0,6411.290477044926,22190059.872678574,8208.137071222362,0.0
156,15896662.502313882,113573.68147083645,88104,0.0,41988.527354385464,21607550.044719454,0.0,0.0
157,14181657.591728836,0.0,91618,455511.0848852833,49372.366330511875,21182210.380794633,0.0,403362.791577804
158,14135165.622332584,0.0,83603,0.0,0.0,21715816.694932643,0.0,0.0
159,13490913.308924735,225060.2214823989,79595,0.0,100722.15477640934,22614722.93841517,39918.57086270042,141270.6175528142
160,17877095.659226485,85123.28168777797,75542,0.0,4703.316440574982,23058769.67527292,4465.675407667708,789694.4032761764
161,15618585.784854734,0.0,79596,428894.7225916245,27802.978331253107,22681386.92089809,0.0,0.0
162,18584723.077281497,48289.079554469434,70830,0.0,79532.10041098372,21079106.434570752,0.0,128878.16569282766
163,17887334.378731962,91547.7227169082,65882,0.0,0.0,20569824.21135853,0.0,0.0
164,14900760.224194236,0.0,76640,0.0,64634.192551232874,22470071.22062227,11566.41684560452,237187.45111297726
165,18452879.100787617,0.0,65435,0.0,47063.503464458256,21791297.000690054,7443.389295264102,316921.2536339151
166,16261881.633709984,200549.93029407656,56046,0.0,47582.31442418621,22629465.436070766,3925.615541934215,668551.8622575096
167,14265955.105089583,139884.00839907047,52733,0.0,88007.46194673066,22094841.466627445,14276.442449926186,0.0
168,19674357.403816354,30063.05265601148,49404,194840.4663350654,0.0,23655186.65292941,29532.574588228472,512819.36437699443
169,14109078.075727182,0.0,53835,0.0,6102.6044369664505,23444397.528898425,0.0,238625.52813450407
170,15173366.474472895,28026.45263448942,42704,0.0,0.0,21438926.90613926,25153.066239682972,0.0
171,16546230.937347848,38877.34054714292,41268,165218.70707457964,0.0,21827787.907513972,0.0,0.0
172,15223274.818977384,47334.902391964206,39512,317122.2229494894,15197.455601514028,21495916.545661014,20261.4294988025,228400.38498430228
173,16447791.172466526,0.0,32561,0.0,0.0,22739891.41672582,0.0,111779.62789624288
174,18376151.898439925,70205.04736805522,29160,149280.11617948313,74337.32267769816,23834602.004577104,0.0,0.0
175,15837209.949442307,165450.57873308624,25750,0.0,70697.05619659272,19884886.45772781,31423.1042218545,0.0
176,14881870.845995557,66596.93333665041,28028,0.0,0.0,22064782.305319283,17171.654303719588,0.0
177,17260451.24151282,25951.42096576021,24150,341404.27422502055,0.0,21808027.152023986,9802.827638106133,0.0
178,17134964.055360466,101690.70079324616,15477,604845.5921412825,49950.351300600654,23588736.52623614,0.0,17472.463567152547
179,15516085.878001668,18878.15967740936,12043,298454.30162965035,60851.09452132101,20077917.435634438,0.0,0.0
180,13500437.260398591,55554.237316475526,9728,0.0,89.63415040031487,23635638.46530982,0.0,637513.3140714759
181,16125836.989908228,0.0,12897,0.0,0.0,24148551.37639725,7416.398474706716,0.0
182,15992527.75456386,45263.65186725738,1721,182164.6508256112,0.0,20752280.99145042,24335.92781831875,0.0
183,15486046.615984371,20413.00819795549,8914,0.0,27653.08129602402,19960246.173532553,28819.323365248623,791429.1605464427
184,13920860.063420316,0.0,0,0.0,0.0,22501021.826992016,6213.837649487739,15982.438659510026
185,16166662.457882253,0.0,0,0.0,0.0,21331163.1432589,0.0,319026.5392407434
186,13808728.15285118,0.0,0,0.0,0.0,21174532.05608044,18743.463469791088,124031.41932685996
187,14979285.084354797,0.0,0,673178.7514043552,0.0,24370560.231294833,0.0,75550.95245569585
188,14773806.127450677,0.0,0,0.0,0.0,22163737.425151713,0.0,0.0
189,16501224.39624403,228939.03184011966,0,0.0,81109.367169887,22160847.224203978,0.0,130823.243022518
190,13689951.036891572,92793.20750877315,0,0.0,0.0,22067255.2138772,0.0,0.0
191,13895888.955077635,4189.826312461144,0,0.0,0.0,22703116.912997477,0.0,318934.5340213633
192,20752897.71104358,0.0,0,0.0,7926.537218061459,22686800.028556902,21328.273172693513,0.0
193,15887840.872208845,3756.2028299986996,0,0.0,18875.253121630674,20994426.50345983,31255.653663530164,154398.5549302717
194,11883120.560942177,0.0,0,0.0,24026.308252012816,21941722.24536388,34828.87883352678,421856.7410348385
195,15675145.759336349,0.0,0,0.0,94802.4260641812,21561204.288342398,16641.119934940874,0.0
196,18527643.703393366,0.0,0,0.0,0.0,21528869.334080607,23482.776665997633,0.0
197,13598492.745445486,0.0,0,329387.6405200331,4256.982840847053,21895578.37605182,0.0,0.0
198,16268850.811213387,52446.11008967376,0,0.0,56839.16486350699,21671123.067249015,11378.504022734605,746987.9554537392
199,12840047.35501761,0.0,0,195875.8984764529,0.0,23468004.177770797,53916.940750794114,107022.04922416374
200,18044794.718052,108073.04888562835,0,221566.81211608354,14107.632475091435,22583347.031250935,0.0,46253.326412609254
201,14869313.21777377,10650.668005869124,0,0.0,31265.22112434473,22839717.60499864,0.0,0.0
202,14180458.86101086,230556.9568345202,0,213852.10301114892,0.0,20434926.36120965,3990.1191733781507,0.0
203,19859022.381503984,61287.592652634696,0,0.0,24670.594400398135,23580087.991674457,15672.582430408329,0.0
204,15821260.768287873,108723.28609910309,0,0.0,53798.31832527582,21153659.309482694,0.0,15390.876701944055
205,16862406.7072777,19087.807771545322,0,211342.2143225852,3562.6394180215957,23419476.375576526,10021.919777382158,270191.4226675993
206,10418183.007206462,173389.33478591416,0,377959.1438260332,0.0,23682187.554126665,7984.077560676173,307387.4892946839
207,16448599.896384763,13918.98804629095,0,0.0,64552.07574609989,21979470.621600334,23538.72013997112,0.0
208,12453533.973662943,0.0,0,115221.36760920113,0.0,21864385.199146584,15359.327855169031,78345.92737216828
209,15654678.28368832,0.0,0,0.0,16486.752193547905,22487449.32491479,0.0,785008.7093971468
210,14449045.115711764,60689.06144566444,0,0.0,306.11057188715677,23660151.93106418,20636.8520767191,0.0
211,13042910.296615858,157560.72427647928,0,0.0,78445.08003931053,21751692.97233067,41685.80120372642,187806.41182580328
212,15493236.19039934,13945.579017936041,0,272492.0949896435,435.9045509563857,21612156.403930753,41399.21579042274,0.0
213,16933813.189687643,113510.16786271648,0,197866.2621210849,76511.17664155587,22617619.332425926,0.0,18329.041086988716
214,18012332.888440944,55498.76370995419,0,366049.79102839896,54876.541556552336,21979403.25715236,33540.77521866794,0.0
215,15513295.404635113,131407.01283821242,0,0.0,18039.179738247174,21534112.95917105,648.9109804947775,0.0
216,14349100.16591641,0.0,0,0.0,0.0,22671885.965454236,4994.961778560218,0.0
217,12261241.037969943,17505.830175927542,0,131094.17633566642,27315.362927734837,21568172.066298213,0.0,166652.27108633684
218,14768894.49130459,181780.83400242458,0,218469.30728688254,114661.39092826407,21847942.650448326,0.0,0.0
219,17642436.162222773,0.0,0,206496.97676383425,0.0,21209912.95380351,11160.580114670574,0.0
220,13719362.986753156,0.0,0,734576.9335364407,0.0,20597389.34102682,6381.486309935139,0.0
221,16336506.872159533,118557.05724995406,0,482491.36251449236,29334.923786033076,22111958.281037975,17993.43091681953,0.0
222,15315949.33479045,91696.9019558648,0,273130.03935085336,12440.14898069168,22358836.025353592,0.0,0.0
223,12347577.859716011,41212.2521576913,0,153063.49314322066,0.0,20979267.231604043,11025.894512329716,84680.07882720893
224,19958258.204379067,172074.54074079898,0,394430.6453608584,0.0,21735522.45492245,0.0,614871.1814345212
225,16281902.561463675,11457.819951159603,0,406692.59509351064,121390.09865686164,22629318.408348944,0.0,0.0
226,16429661.421543097,11804.053294454396,0,748468.7854171825,42988.76503621513,22029639.007863082,0.0,564397.1050577227
227,16611848.747043684,43436.25529938498,0,77759.5426819895,31914.295348176696,21094034.854222693,20942.021194075216,303127.23972494353
228,13485173.445510788,194277.49377623096,0,188909.90329692338,0.0,21272996.125539046,0.0,502006.4312910719
229,15623218.175743746,14649.222824119162,0,465210.9621573217,89514.25852839518,21147655.751467828,4193.449257982723,0.0
230,13006569.637196269,64391.486588206375,0,0.0,19869.25250252407,22171843.940512393,37440.22163211937,290856.11554486223
231,16296864.734849483,168558.25622195308,0,1057929.6263406659,94979.24592341205,22933460.00134058,0.0,255947.46104220796
232,16143937.38712858,155155.87947888678,0,0.0,73940.24246316249,22355826.17646321,0.0,664362.2277468262
233,14155571.301786644,167430.6307638146,0,315800.7154028934,0.0,22045845.965379823,10588.729759263648,72017.93253346303
234,16664166.647417247,194577.91241990973,0,232002.54753156225,40354.837346879445,22315492.662856523,23647.355429210074,0.0
235,13838235.761810377,5944.416541881146,0,440697.5312177688,47212.673277904134,22483765.28023732,0.0,104368.72462583796
236,13337950.353432022,84786.15655915064,0,126396.66565398121,2847.7848511349403,21054586.799284335,0.0,0.0
237,17160560.32010183,1421.8763427738886,0,0.0,61124.815721025785,22274554.027348958,2106.596384353139,336253.6016515648
238,18351060.85419928,117450.00734653552,0,663245.7601288856,55306.23649849817,21021595.009951867,0.0,0.0
239,15756664.502854412,114992.6349491757,0,57270.59934884206,12138.130323107976,22791253.496776216,26016.383821330477,257121.18568180111
240,12005578.622605737,194698.848107464,0,0.0,84527.60291711602,22263069.490365658,41081.990085915044,0.0
241,13876403.243172355,0.0,0,303405.7348304993,46481.25987512032,22638799.192930304,23861.822913221484,0.0
242,16978143.50297281,266528.78542096674,0,0.0,88167.2588321054,21360090.61326877,6569.755504315661,277958.81230890605
243,15455852.901729768,212505.11627661876,0,0.0,30021.478943492984,21968073.14871575,17992.721975344564,2975.6280973394532
244,11674283.026436133,110399.21870403957,0,340749.68263304426,17289.317378832002,20736927.529039305,36305.99111175245,898738.2043696631
245,11878125.410408823,99220.33750663837,0,0.0,24530.92049286379,21563764.682701215,26719.947969055534,1241163.9783716896
246,19480689.40621341,251864.57523600978,0,240339.3636341915,65865.1133856512,21858216.5256798,10871.557187794959,0.0
247,17235162.34919466,128410.47477237349,0,0.0,18136.239746953444,23863979.56947423,7892.307043023229,54760.39815388852
248,17988940.430796035,47495.70429395282,0,230364.6762694047,0.0,22343244.65970372,27779.67146816518,783142.4025814417
249,13739342.143011143,250702.0843647305,0,0.0,72543.83827989124,23297680.11226673,36298.23012496761,793068.1678995229
250,16031419.265522543,226862.04916037526,0,0.0,54107.50728299044,21560585.831858817,19728.746566953443,0.0
251,15119265.10834646,165484.00241132436,0,173167.97616873408,133756.62497711598,21814488.063106697,0.0,380401.9927050017
252,12653331.323929556,140521.8680008194,0,0.0,91742.4976641202,22290721.958343767,23486.46589741663,879322.9434737542
253,11906018.81027331,160385.6804373645,0,1024916.926912038,78657.52739075766,21536148.37131794,12890.003262448572,0.0
254,16194800.026318863,76585.11599922969,0,368660.89526579273,64650.659916532604,21262026.75097399,8882.392827272315,0.0
255,15193277.457345078,95229.05563517981,0,10375.133003979921,20006.60931399276,20750044.883774336,33732.68480337024,0.0
256,13859262.868902152,154392.15211144395,0,164169.43667803882,70512.66704752806,23283193.2432793,30673.896418787568,0.0
257,15487769.892372772,183976.01645230263,0,112496.53154439337,79673.75569681377,21757345.464253202,28044.12992968044,268983.773194095
258,17198922.738885257,111369.7354480954,0,914182.3226621192,62726.47372335299,22522475.752552852,0.0,0.0
259,17369340.4722677,47397.01901786101,0,381241.9822433167,73572.8248569404,21443826.71836321,51970.05967198318,161444.8972580792
260,14081904.47580451,130976.69223736273,0,125886.51156018706,19520.736530545277,20515441.567745194,36712.91147670519,0.0
261,14698407.829794982,291613.4287739855,0,585237.6998931586,90824.55072835906,20943406.57911039,2657.341009692387,30087.04005083046
262,14343815.02726548,0.0,0,63155.69444235643,0.0,21124141.436904144,6195.920056212464,46929.88732583783
263,12190037.506946614,269188.1784944306,0,368801.2753172259,29879.76199629915,20921259.355672076,0.0,275804.9341252818
264,16139909.76519616,108838.00573963668,0,125546.12642423416,110068.50427861333,21796335.1574316,59810.63713853408,68973.85780874162
265,18055672.707869258,110793.26708075877,0,0.0,54406.792717317854,21757375.68478069,15206.060706514432,303946.33173187653
266,14923737.842339275,183799.13525462037,0,389062.0967784223,52315.68680851845,21901248.50795311,13014.393547818678,208537.7222104523
267,18289335.75786353,274394.7216786049,0,789761.4755412033,80004.8388244047,22162893.273078673,29500.860985460247,356942.76902598224
268,9100268.419864379,205496.5416388197,0,136930.77745476947,32380.621291341682,21347856.46041171,19806.268514904554,0.0
269,12980853.667374993,262311.6275880802,0,348675.0680229099,180956.9443686557,21832204.928361777,4674.7039964103205,0.0
270,11914241.014842365,140314.3187570493,0,0.0,8824.0425626508,24473653.54207793,18478.987801269286,123549.03429416
271,16267994.964093218,294125.41466416547,0,341011.9054693025,80265.78715400425,21991343.936118428,0.0,0.0
272,16955888.587523412,193978.13738572312,0,37653.894083746854,41851.625103628656,23606300.32670595,12775.792723273975,0.0
273,14172778.431931261,177867.53289466267,0,386753.7655684904,81862.09922985517,24533309.087458357,52079.31272159308,0.0
274,11544339.02932604,0.0,0,0.0,47999.15757818658,19829987.999230042,28480.882615123737,663597.1932689465
275,14623036.145243159,241386.91825815,0,461813.772226086,52343.91376917885,21924294.581184883,9291.009484990711,1018724.5573239209
276,15404543.355331639,326516.1185255811,0,581335.5510508167,113419.97958818384,21635778.074160796,18532.022938391776,560383.8589575902
277,19096821.242092017,248003.45642206498,0,521310.12279906444,65738.9385266756,21879523.08911313,14338.60378063342,499338.78937655024
278,14618471.469175966,299835.19535900245,0,0.0,83609.95848474492,21700661.595679566,27430.1349328294,531571.6747272764
279,16472152.47951156,131642.94286792725,0,314449.35026714706,102752.81568629804,23059432.416971017,28452.31621342783,617233.020972552
280,15129836.578957263,281593.7743258462,0,443987.58802776446,179475.79272931383,21478343.550321884,32366.43899335395,457962.39076089323
281,18407698.80303119,243082.25954799313,0,337804.08558718226,69483.4935263404,21635450.94655996,5544.556043615317,0.0
282,16257853.691985158,222247.91979308767,0,674985.7369642238,76976.41911418886,22098168.14242065,27195.043024196508,0.0
283,13253040.335161228,82680.24617569233,0,333816.16048007156,95238.57889431475,18531557.717897918,74502.32913534946,0.0
284,13133878.790149204,279010.35396013246,0,0.0,96245.36018450696,21236382.532884516,30440.938341380126,0.0
285,17215218.5296314,84532.95974957358,0,661942.2516399254,126875.22008974501,20033769.15202833,17871.963416211784,0.0
286,17675197.58943785,232505.95280103822,0,202029.5455811995,127549.8332706089,24603106.20488362,63875.940518537056,0.0
287,13995194.819996044,382903.3824878086,0,767446.3747738416,46548.42853229042,22985698.636088498,80790.99276445288,85897.65370109047
288,15500142.095479442,340216.8171438069,0,822120.2470665207,86064.22538158493,21871654.76344573,84364.14034540733,51495.59033694673
289,15837693.784278598,454612.9502467635,0,25490.732071399107,63089.26748438738,20748061.293504022,17875.654380497326,248845.23312561127
290,16885434.635098625,293269.38415718515,0,191287.93886991256,103394.32356888293,19978014.023349553,34245.38967125488,11493.948531267175
291,17205127.32685571,361499.70300721144,0,391995.9421788288,154180.55923399449,22963257.075119462,29452.97341252049,463873.952741768
292,15826103.201085323,371056.0503554212,0,287581.729417267,29791.97410461228,21027248.249092113,20513.05636082292,0.0
293,17644268.084111363,405120.9967769849,0,539018.5386753795,130695.85382832584,21213818.321651775,33790.42185613696,475754.12690473814
294,14999640.434302252,349289.1815727435,0,984494.1094105178,182459.31531931556,20590069.466241263,60211.398231002095,263706.66691905813
295,15169512.746209966,330917.3341015456,0,782774.107180025,134628.12322463715,23646439.800065495,60958.638484965326,88703.83703346296
296,16308287.063348498,356488.4508604747,0,565945.7121543826,74926.32589942672,20164784.85135588,77418.364507603,79713.18173959694
297,16504760.208321791,259459.3283912159,0,344622.6685632572,101847.33208444522,21505686.585823644,25344.688578085734,0.0
298,14495381.492563218,498194.45383255155,0,1195626.7160638825,142208.56026790093,20397860.91988367,85773.12693858353,957571.9123748487
299,18118235.290173538,435616.3208292521,0,363118.1329344223,191498.95433361462,21680955.393459648,64386.19938342076,939893.1524731782
300,13045682.974106055,445074.5024045732,0,553198.7476157189,184599.68646841985,21550830.702772938,71324.60312109266,879215.8609670829
301,14930467.951288057,357617.15150340926,0,556739.4243963565,154475.93719690913,22229559.60948354,49739.4713132286,541036.44495221
302,10766969.42896596,590420.2977719347,0,284888.8076945781,147728.73752517134,21645623.476186015,37807.450263707484,790084.4955731187
303,16578776.241751697,657372.7161653354,0,1026697.6136760154,128898.00402841595,21199848.35292291,76695.53712861413,509572.50293583306
304,15413707.28606604,438121.1672009864,0,811693.2928880362,201344.46092656997,20846799.184385795,70995.26765473487,0.0
305,15048313.180342698,592579.7527286023,0,577315.0178926587,128555.34492590762,21939896.902686656,60897.855734358694,70693.35802410747
306,15960278.41795427,434339.66842068336,0,984959.0779613142,127878.70919018486,19666329.259377558,89398.27249506512,104398.91589653926
307,16197178.023543444,778262.0011028904,0,1054204.4842893002,128395.28823906842,23054402.072851855,51332.785776108925,584508.5119934948
308,15325462.869747227,471571.52352383547,0,60715.323080311995,247800.16979982078,22194260.585081972,51331.495830923515,0.0
309,12508453.565421399,480991.3842420415,0,456697.1487485226,132294.22079234503,21055723.854684077,89186.19915710115,0.0
310,11534544.204385396,412313.8654625836,0,863573.8254965728,114923.52623064845,21853118.37983923,94669.67698310924,112253.63447933272
311,14322281.4746841,499012.0042322244,0,650946.7800183402,223190.95234767935,22506843.09021878,103743.49913299778,0.0
312,14242390.11310985,530107.4791982963,0,792326.0786822389,147768.8497011286,19451869.050225023,80922.8184203147,619281.9241501656
313,15204415.254992625,641463.6993339732,0,831694.5952663021,220423.3274300755,22322497.90847937,55039.83858553658,439901.18589196296
314,13575968.436535181,743659.6802577091,0,581641.5006275749,262545.8142143062,20870668.271420464,87857.75615014845,1011027.7668857921
315,13893855.582463086,669317.1168556396,0,663364.0986614156,209778.09882465776,22694774.73156215,78970.87857042822,548676.4567302661
316,16454844.55583057,765663.3595266261,0,1085674.3239730473,190060.77089593676,19764857.27833635,68980.9752794859,643489.4447883118
317,13386855.616675114,635662.4851492743,0,840371.8630005625,217409.30765192508,18918009.848472998,107320.45422887978,556794.0863521273
318,11539125.940797064,595429.4615725299,0,490662.59742496035,284973.65256914904,20990256.298248254,113979.99781328873,0.0
319,15870485.287242934,663398.5300905268,0,1125296.0817548605,220957.39115464233,21242187.982098587,96763.92017021222,712917.0395733863
320,15490947.907650292,739619.0310959131,0,835364.3721689392,177011.08779446653,21764490.55223835,99143.80436226176,0.0
321,13720216.395805258,714436.9849889704,0,783428.6513616774,211518.42466248598,21194232.393569335,81851.4985802931,0.0
322,13789797.727425978,692989.841456158,0,1546165.9605510193,216162.83147970465,21482592.84294116,103051.68652166144,242662.02018588578
323,12797413.334126642,755780.2483265151,0,1354940.2766987698,250702.854433997,19419922.591048863,108870.96038503863,802886.0285255392
324,14041562.540334025,808643.6620316157,0,1410997.541621231,215241.1236681209,21120618.01012296,119225.28724870096,0.0
325,14523273.014975837,809990.2841286189,0,803466.5990197159,329942.0472763729,22103483.651184272,86366.50318438986,1322273.0100599783
326,13422049.199882811,706116.2562832672,0,765625.608422824,277712.0945942648,21218856.209385127,115183.0176822824,156331.15454904677
327,13225746.39044971,866295.977755142,0,965721.5546499065,302724.30803859304,20196496.926268693,118735.38042501982,663639.5964978258
328,16187914.919389596,784316.0313096017,0,694917.8568241519,227899.75049021526,21075372.724351343,85416.6196047264,644612.0818002393
329,11361410.985891392,893378.1918864059,0,724318.7435019107,325706.3176349397,19538433.170500815,109615.84377037332,351544.2734384852
330,13561523.834566975,658151.0857115836,0,1070969.8115250284,304635.5949453789,20474242.346578296,140822.00229971937,958121.0364789537
331,14950599.433904309,877209.1565704541,0,1203241.1194223133,282434.8610709223,19705546.005201574,126530.01161533382,912789.3191991451
332,14825474.9453651,839986.703653749,0,1824670.432685542,388469.8838703453,21637699.00254622,127249.90931511679,565319.254185339
333,13767247.43825939,676573.10435264,0,1077270.095867046,303198.5718738024,20445452.63829852,133905.82407382532,414990.01502767124
334,12848105.336195685,952093.6776310883,0,806297.5605767323,303991.3311030667,19473484.547747515,130424.84072698704,1142166.6774962342
335,16146905.928244375,912853.2628666466,0,506843.830290406,418601.79335825006,19904736.457377546,164164.42307991802,240745.6792929342
336,14386703.901077349,826502.0051660521,0,1597417.772190039,335134.62968464283,22129304.88811065,132570.3722636336,80308.0700588852
337,17686613.8868848,923058.3169046778,0,1290526.8482922327,347264.9885073826,20367052.56829387,123415.94627854132,895217.8365891108
338,15502943.723326243,979516.1807534582,0,1028800.3189157377,359682.7525582094,20668881.15438059,145548.99634158183,1113672.838764029
339,13137238.199142221,919028.7094362461,0,739574.1970260165,456623.48928497,21704950.273509845,151779.13111488632,656585.9925291715
340,13528311.1155503,1090159.334397055,0,906758.9743391458,405956.1183258821,20295214.503423627,157910.59954747267,531868.4509367027
341,14250408.79806799,1054755.8095947746,0,1081033.5086708767,364130.32446984464,20051905.00941368,166744.86276657818,0.0
342,15842145.825572763,1175245.6307363946,1425,1047356.6409904296,403274.9166205223,22428702.85697104,159425.83407366238,819747.2592784616
343,12675049.044747027,1056832.1764507655,0,879087.9382992709,388068.7351325871,22579965.864207704,209270.37628343297,917983.7968511258
344,13234049.373177852,1014669.1540700822,11843,943133.5783570926,408288.91714438435,20377148.265691895,178383.22942256965,1043088.8424755025
345,16114198.934988633,1049239.1719198823,5432,1212623.1672579958,382451.31552222365,21749315.485042997,158705.52588909125,511539.69478884747
346,13917215.342581108,1218727.9778295283,4810,1295832.3717160593,442391.1884635585,22627685.188706394,158519.30202529446,577860.7352739731
347,11795216.242367703,1128043.0115543532,21421,1560810.1914518503,406412.8019540117,19084315.398715254,139829.1473460296,632866.3980971399
348,12047113.781047367,1288693.5300237508,21687,1168676.686552892,390823.2701468995,21905280.01399621,171680.94356887776,1574017.3909634743
349,15161528.020128984,1143952.2270667055,24773,1674163.0189176577,446242.17940016993,20498075.250170074,187551.16777859273,376866.13397163426
350,15377676.954723826,1190612.2414295392,32961,1771359.7844135864,411918.10452739213,19890593.85200657,177667.9226971242,562848.2168848191
351,12052181.263989469,1311504.758048585,21514,1818438.5095690154,421624.7732154649,19809901.177768346,226320.65588015693,1512549.2998111725
352,13791118.897528963,1255278.5224808524,35038,1113824.4110294757,488250.5643817843,18799660.369339664,192274.42775129605,1496440.5008038764
353,12654775.643968761,1140141.8472479463,50951,1967427.3332660624,526917.1342474823,19267763.252401415,193761.4343411331,1202676.1728265304
354,13962956.965220928,1194949.6429689657,45568,1406023.688095627,478066.79645356536,20563573.072830595,193100.6719405206,1021856.5867549585
355,11503320.259369766,1266127.7077450478,59853,1929563.6499913773,477281.7708616392,19604290.60872941,191932.56168608242,421094.3773403395
356,12879824.26132393,1306797.0152620547,71340,1789682.1399929528,552181.1906039414,18064419.223121546,212912.5530316053,167953.0439707347
357,14804388.81803753,1473289.6114199057,63124,2369077.7591046765,439788.01589347335,18936149.82275348,173904.33955863077,1852805.5363977614
358,13153070.787340898,1414088.9035872254,64904,2042550.9569082719,509909.1999620166,19630474.254019804,209039.0639217992,1470654.8016315405
359,11634829.980498834,1354685.6309437992,70245,2488161.358271712,500496.3245940315,18807761.65103793,193062.4413855177,979934.1034099901
360,13311635.174588114,1418786.865128273,79195,2652987.7057974976,512212.13917364023,19161529.57689768,234356.72738290572,776211.025105764
361,16218227.924180055,1312325.7321669871,92542,2344590.037169874,510991.7939798945,19835621.774447102,238725.90569290027,1596474.5807033451
362,13109879.482642813,1356531.3152506577,88835,2261048.282066292,543796.6068482085,17558764.582660377,212461.48962529507,1271522.1036243658
363,13015262.487857422,1181509.333281455,98556,1616175.455907216,581300.472723697,20527211.961470034,238460.13319031225,1857198.7302609342
364,12219611.401325813,1555273.326225315,88969,2299202.4962378647,558117.9704892574,19502545.105306588,234006.3663626736,663315.4535404955
365,10935831.601496642,1420943.2768494415,99410,2188061.777585602,528749.3897633355,19597573.79585545,271047.63860249927,1497403.14701081
366,13178269.994261548,1519362.0532773298,98572,2153298.033433736,596411.8565893504,19410118.418026477,237513.71911867833,1089304.2849526196
367,11300265.60649116,1341361.4965817959,110065,2537275.941721221,666338.1198133411,18355119.81215387,250891.1805092176,1542441.0368136002
368,13112454.41530615,1385229.4748779759,114756,2445484.422666068,575909.7054212447,18025120.595965482,254742.46853804146,1393817.6661054732
369,13137632.467468936,1481921.6429837148,109615,2197175.134240891,697953.5735496865,19515911.965303756,255466.85067828477,186980.8736376767
370,11837230.993567523,1615985.5920584486,133450,2894546.8751187003,694707.9474583981,17680883.778817687,220172.87060482186,1619320.0438203355
371,11663328.318454616,1536465.3295083612,122073,3206887.503811362,579660.7698831445,17864313.078039322,264998.94955047924,1217840.282889019
372,13235009.40291408,1554165.949818627,126417,2340863.9638756723,586292.5072728042,19435844.95656817,258666.32772369633,2240809.6914809863
373,14398726.765630681,1563291.664215189,144864,2784092.4130397667,636017.852396117,20283121.692879803,268520.01497860823,0.0
374,11269941.839913307,1609094.9066687454,126958,2455366.7897301437,624698.5897886105,19313837.028788052,262591.4340104632,663679.9569213694
375,10765506.833281184,1417062.9010317368,138761,2902933.315035031,677157.9755063006,17159488.263470992,273428.55382577603,1869540.6078358095
376,9502326.70229319,1588979.916270818,150394,2797057.9340807837,676292.7797771248,19474066.446288936,247728.2069982704,1604224.9470271743
377,14128272.626802951,1635480.0092138068,150804,3472872.4594176207,638599.366388851,19761705.64392605,256924.50411045266,1715410.1844860478
378,11507761.150197398,1823171.8740352849,151852,3123727.196300442,748846.1558079247,19454883.103673734,322347.02190682176,1879900.6364311185
379,12480673.511267241,1682530.033341114,165895,2975552.5336241415,689575.3386872468,18881461.35734843,296703.3622598854,1573791.0631864483
380,11708536.479779031,1533103.5420230962,160619,2694616.009872103,622663.7930971456,18818443.641037688,282445.43329270574,1209066.0677336229
381,11623782.791197227,1691104.8664671052,178142,2781333.691905994,697623.0053576403,17338340.28280943,291423.16506797523,1200451.044929492
382,10847489.180748072,1744559.7896648138,179787,3089072.8475022586,763640.4181554295,19757365.29969807,269095.04759762174,795277.7193424716
383,14604236.213621344,1864406.2297602484,184075,3294404.1821520785,731782.0140102875,18227055.530185223,325595.5374863708,1309963.8840344185
384,15701366.6153815,1893596.9043587465,191054,3206781.8962737825,686596.5274855074,18291468.22454276,316389.3721811411,892581.539613799
385,14590676.9559654,1750374.6036138558,182177,3162572.929768334,798952.178596339,17793648.54751802,313479.1969368636,1560261.7963661058
386,13934678.614803322,1904203.452189345,186067,3289013.94077868,738199.9162945483,17959788.830177218,322383.5244561302,1132920.223966049
387,11961124.933366543,1745742.5083000425,188439,3143824.6346829426,746109.909593709,17116709.183854096,333203.6467008294,1336094.6145179875
388,12553703.29955069,1789095.1596697066,195492,3563023.7743668365,826306.6702042707,16875563.021290973,302265.0257830025,2087459.4578333553
389,11448990.800815044,1906171.5619799863,199230,3164906.9959098906,684002.5529016994,17033861.823397376,322170.28851070267,2256377.381366025
390,12376916.990715325,1665124.947045175,208385,3480485.4512388203,803537.1999817819,15979668.241019627,353872.89231204364,1347427.8470847015
391,10892440.43687345,1972199.2675662294,211062,3817190.8437443157,704434.8978300088,17443963.00580328,304661.04745944816,1859262.2400881278
392,16238832.263449281,1855612.3420744196,217323,3148787.94944686,759687.0753166006,15320451.979035066,311745.25492516835,2203127.870381781
393,10610800.012666719,1783070.216183727,215154,3639239.5364349578,759166.8445423539,17428842.940957412,340856.66454335075,1888830.4275447482
394,13440294.818222381,1894906.3906714406,225648,4147039.510258897,856513.8501181591,17797709.956907507,316799.0537219356,1564068.2433259287
395,13681487.489971697,2128211.265848533,221751,3360836.8735551313,846784.4385015732,16367511.160735544,333335.3280902505,2465981.569432941
396,12732554.165993294,1900718.0982757404,219623,4159658.238176592,752052.5163965262,16887966.533831306,323264.82977217645,2552582.026943092
397,10319066.319473365,1967338.5705470233,229010,4096548.9057277474,802455.4949952227,17602245.871260427,379274.9443481188,2196947.6060772506
398,8500149.300955987,1849177.67009356,224434,3911897.93894798,753498.0619937802,19599287.207093026,359331.7848839385,1314812.0634442256
399,11251408.158063667,1795903.396912726,238180,4129766.824813788,870191.8752639778,14989799.598917602,350799.83932218654,2069939.8509470988
400,12159164.388032705,1891251.8939926296,248822,3989771.116364789,783782.3394489511,17129142.62906179,341509.9004940255,1894068.0479159672
401,12537201.386063537,2037694.7037451651,242980,4281644.723940983,871693.28359746,16827095.724089928,346175.3544858235,2489947.110768497
402,10820214.070266485,1909564.4068939346,238339,4444340.443031629,770543.7037972411,17631561.82513642,361936.6479429126,2104011.1984881302
403,13415709.713713998,1961104.9285121532,251466,4363580.952656498,797758.3785896398,15287346.41635789,364967.6106128788,2337493.121467582
404,10811312.163282264,2080765.9062283854,265130,4519900.472442723,811831.3478984035,18121090.859659158,341346.0177991351,2779715.0214369115
405,8491394.19859049,1883021.4419436597,252199,3745072.167020536,760684.505740259,14888682.922165196,347646.7813620973,1912541.15064186
406,10566659.881052773,1886585.8425120863,263166,4143169.618835028,769979.2763097916,17145098.073077988,336525.2148124764,3012301.4016855946
407,14208440.369375434,1976551.8486603743,269618,4321373.378706139,917273.9722210348,16341136.35450802,381143.2962605928,2594755.0911885872
408,10737417.787141224,2055879.4649535448,268727,4287580.35295328,847482.2456009581,17154653.220473118,398982.96531838784,2065151.663697919
409,8583252.793618152,1897079.3728127973,276547,4259368.657553814,848675.9187538527,16469466.501850747,373446.96974074247,2767670.293162022
410,14080155.229053795,2070141.8366750244,271391,4641282.10359178,812084.583562642,15362006.058104992,362926.24975771084,2554565.528228063
411,10252552.747450098,1952479.6391950788,273334,4767370.553486442,870612.6009853184,14628413.726682978,345554.4340833321,1826287.8939799354
412,12001061.607866615,1917800.6208432177,287934,4100628.381617641,870724.8441050786,16708668.475401403,345592.58603044826,3012554.3320005536
413,9176122.666611804,1981711.1776040436,281344,4432594.85518167,891221.8918605633,18187762.316243116,385918.0584587528,2419991.51184792
414,14672878.55818897,1919943.1670832501,291728,4254293.183447308,901090.8356519677,14286248.150543097,314597.07515221264,2243823.665071219
415,6957232.575025,1832701.147547901,290872,4866042.3967609275,862128.9435235794,15788959.41760393,385790.1914593115,2764811.896426911
416,7673533.244254351,1897174.8899570587,304793,4729016.06352989,887633.6095914568,18345291.371849667,368200.81154563976,2457033.982559551
417,8766276.25770523,1972962.4106457601,291363,4750072.453340333,780977.8019148428,16552034.49170158,359617.4014953459,2493659.144310821
418,11480346.882697105,2010348.997808679,294264,4919811.821974861,923469.4034157571,16387047.997576663,408807.0246337922,3441550.6866180752
419,10210067.260995094,2020400.6462253865,286102,4724733.392774359,824122.2790022598,17428321.76480319,366678.67768025387,3078380.519842165
420,10707386.11242705,1863633.5451732683,295124,5269190.5346828215,872805.4603282213,17039680.456026003,364900.9120308202,3123254.4941239203
421,12717464.306672625,1942201.497300443,293392,4652255.907054815,838104.0568806797,16345828.88119507,403430.0638176658,2966953.909218906
422,14438819.885124937,1903009.1776647272,292537,5362177.960919383,861935.3315479491,18179530.001141924,399435.2851295465,2585710.7695688806
423,11956484.364975376,1936892.6633757786,303614,5015690.018657846,898063.2301137771,16480437.423075374,361046.9469710759,3394672.0219734944
424,12046008.53389333,1848602.3147733493,305129,4857772.005642517,836222.1965884556,15618251.441559814,397566.87243327766,2744907.2971703275
425,10050790.435232349,1928861.8695188458,309294,5401247.1914241025,829899.6398460646,15564815.5976426,394206.327011351,3547246.3413582267
426,11670300.112267679,1991908.7209887728,281923,5419337.397095457,894149.3343586534,16523034.656346,385748.5750330935,3463357.1646704637
427,12903006.411730649,1815060.1817602725,304901,5534011.340353979,838882.829063238,16679586.860215284,366347.67248228117,2903812.666335122
428,8138380.061801003,1746381.0226995985,307478,5394243.056119888,870782.0049842288,16211394.812794717,406468.6738532886,2914973.9411076666
429,10500213.282931013,1993885.5919640667,308947,5788942.20223278,862920.499363615,17624413.33972932,386775.90008221805,3335751.2718809415
430,11324285.690975929,1925632.708191756,302175,4825660.774608778,905026.8137813892,15586305.976937493,367692.5974222079,3240380.185231916
431,9570292.920563316,1809024.2767406516,313138,5696404.738125707,824716.4641778962,15564927.065232612,358791.12907366664,3414120.867409584
432,11017899.216068199,1941134.9890267057,312403,5473383.888184533,868745.8313597346,14687677.574524751,349630.74975940154,3032074.219561641
433,11605560.27549654,1887439.6901607323,322942,5272733.348812539,852550.6286389334,17277344.308666483,368126.81917973456,3375322.7666482884
434,10615237.778947547,2025582.5134135345,309088,5441365.331505592,844957.4397458198,16075776.31918237,390357.4109988146,2833503.677413163
435,10259149.556482473,1998736.1222614967,318570,5664106.636555452,885558.9524229433,14938423.043680336,388459.7849435512,3435188.136399931
436,9377755.562575806,1727959.9960362914,317565,5294056.032599637,834017.3172851964,13433791.502392884,417893.0079570024,3427494.28104175
437,9673048.94971694,1975502.3060812545,320441,5213415.703356838,904272.3090465148,16047294.738480078,404715.05097409885,3643622.724623163
438,10664277.043433588,1842773.7494762468,305905,5620688.669229927,868401.1822936804,15170526.8386582,390118.69443901646,3803954.7704977607
439,13877804.108439077,1830138.5850324947,317980,5845592.497924136,812115.3835011971,13831524.744526066,386108.14078570006,4180831.463828054
440,13894695.907491505,1836593.4453435645,315317,5634229.348290291,871937.9062467882,17105861.958267663,408547.18845586985,3831438.6516617727
441,11111416.32432166,1769791.6293204562,314657,6006007.108204118,769555.3396958776,15296912.900554812,341878.8895305925,2627369.8608819903
442,11726922.770012632,1796621.796243896,311728,5369996.412472676,891026.494677466,16349676.7867346,398013.02735840436,3864635.647992148
443,13523197.226489438,1945586.4947240257,323770,5855738.561265948,899295.2706835091,15861562.85365949,375935.50761652156,4260993.525251223
444,11258464.199992986,1775192.5137546267,315086,5970805.345503872,824024.9059591837,16640875.414236546,390407.91556159605,4207445.632525561
445,11495704.348523576,1809262.5898453705,327696,5976329.715808362,888299.1534261917,14822408.179722818,369792.3654013091,3408997.187829689
446,7107951.41237318,1743953.2597082506,333470,5819000.521497711,773668.8923703003,14887288.259969985,348584.1175664871,3389188.185870417
447,12451493.775819372,1891037.2481201587,313578,5761967.706471917,793775.4245918005,12725224.990232138,385819.01830377895,4637684.180969913
448,10794507.929397328,1825084.5238056632,308397,5614927.691696404,873985.157830128,14801065.893468324,359005.60230545746,4881949.740093416
449,8835999.35775263,1919488.659954492,326268,6098801.75759332,826873.3661252981,13669886.063608754,381134.5305660344,4676698.87132899
450,11338684.94115818,1779586.195384311,317209,6486173.6871368615,845703.4321560578,14481844.511771891,364805.32604311797,3878071.0084930747
451,12320089.788759395,1584507.0405449423,322237,5781815.360790282,756961.472507737,13682206.104052281,368536.1093093589,3862058.374327265
452,11275903.670338605,1626285.2813701767,321973,5834736.974246155,799620.6465779133,14330670.55960034,379033.9816204852,3961673.2408991614
453,9147923.37727859,1700045.342346222,308905,6476408.801690577,820045.1388115798,13392014.807818826,374781.7226658932,3649139.6745753903
454,9998479.820357233,1677512.4535700004,323493,6468680.950820102,843783.8446770094,16539479.481148403,321559.3261928403,3842033.723614153
455,12478697.81760531,1661837.7903859226,308993,6301149.44665759,720485.6815528764,12243854.143245976,352996.5333951316,4048633.0618021116
456,8643520.293641254,1526340.057949687,315001,6252389.806172629,751830.2605601199,17454813.600963555,384495.0559800791,4795743.127433487
457,8902391.92861028,1606859.78180438,315523,5794273.054512494,752239.3867635804,13535955.64073951,332549.89813699335,4581715.025910959
458,13822310.79339076,1868175.4005978433,311437,6421083.336647769,777813.3078737156,13654570.41184741,374547.5867861747,4126334.937357528
459,10475360.343324462,1614527.2566808371,328093,6252097.199003595,832117.7900000585,15612308.592600469,330000.90543059673,4749551.648996493
460,9844571.087951828,1869121.00242616,313631,6069145.444391289,775540.3810222123,15360759.336379038,361476.04803440464,4230707.911565667
461,10817035.662059546,1742411.7857233726,320644,5413981.157616245,763528.6568370648,14320893.50930355,366510.2322353379,4193960.848660969
462,7696411.850820785,1612014.5838061206,314349,5991840.27760544,806181.1770660657,14302325.933530891,357386.2282454437,4927162.878247799
463,9849790.90405745,1520132.64005813,316309,6442307.119168691,788278.8278904934,14434199.562579377,324596.6787161561,4505969.37180964
464,10886214.752459196,1713271.9482944102,306631,6470375.7756227935,664838.3540776687,13683674.977418248,330138.5490334214,5147837.996699687
465,10155570.924066668,1528892.433144308,306565,6725009.116622057,765628.9851976832,15604510.977152955,347253.7856807022,5174617.586426721
466,11768214.292564651,1591241.4815539825,298812,6219672.882024136,784633.1516996616,12962947.927148826,335817.23284464574,5056569.017891248
467,11468730.601266483,1573779.2209873116,312292,6603108.2148857275,782105.9049570009,13252033.246700602,330000.4106062301,4943223.8937392775
468,8554437.710215027,1489352.5053855486,307843,6560399.824235046,725622.6359177277,16073154.960969241,330947.432366236,4881688.41771485
469,10156214.776066009,1566579.8948785865,308313,5942756.243483027,710764.1216007926,12094728.587918485,323263.82890503155,4055689.242157009
470,9083059.126182087,1477621.9519968566,304039,6457010.270653211,768358.1952271066,13708828.237967014,316953.33529552905,4358086.170784468
471,10086173.580433143,1501582.2692735586,289124,6234767.283517334,707978.3915874547,12915548.438001782,334326.36886162346,4224023.757989825
472,9285971.380244106,1466338.2429512404,294494,6361370.576575414,711376.033532547,14452168.81587516,335549.68934199633,5004103.161425906
473,13555402.025863588,1427009.2516428593,289430,6613483.905019439,649742.4183029102,14983125.03018609,312495.89224391093,5124454.95507993
474,8580475.393064164,1473448.5803647425,295841,6595207.870762257,682648.8691938171,12565555.340499641,348973.603379965,5446229.34547558
475,9618707.484371202,1449602.437202909,280921,6511452.061789289,681677.9703296272,12525596.598551147,294842.427194283,5063802.822697497
476,9760292.822957639,1489314.0357009708,291603,6305170.733687271,693795.6490362503,12693880.210601209,281023.5308301571,5266306.059536457
477,10285114.736809313,1323076.5691702878,278663,6426341.804173704,710719.7786704361,14228975.517014742,309087.37863729656,4586529.260637581
478,11022724.505078068,1640061.0831037024,289407,6604318.492699491,763550.2130775236,14794887.788561814,295302.64518840995,4645884.895170143
479,9176589.747301232,1463465.2305441184,284624,6877986.687797228,732328.1927426896,12821116.224781085,342835.8627008463,4334041.581750011
480,11535869.704538576,1225516.597790878,281418,6794471.679885097,611098.5673468567,12565099.939331748,285959.9591515731,4563800.675516755
481,11091175.758130131,1273725.0799051444,280039,6675171.4438624075,650993.2430643705,14516293.351113632,335941.50473051344,5949997.400595802
482,12040379.0104905,1215176.8457784946,274764,6499639.968168167,697419.3125145673,12612851.673724324,291985.3267867507,4840998.309146238
483,13179279.893299535,1501970.041845887,277134,6369341.219169763,703226.9328396939,12409518.165719941,313313.42144860944,5510816.474705527
484,7682000.592093494,1439719.7649758803,272849,6431739.685895733,656118.9349042928,13639906.022743776,304186.34916078375,5718625.271311876
485,9426064.970063046,1371483.112868207,279204,6521888.093198052,721425.6447206266,14914059.626805797,269121.18305864447,4422928.673897974
486,11383706.727781247,1560954.0183101217,265922,6273786.589625603,637232.5620899954,12180218.737626683,313872.2891721638,5190885.240946197
487,11380988.754554735,1444812.1533414968,253219,6754724.485597873,683161.1556732409,13741694.683758974,280672.52676240867,5401619.433248522
488,10519833.38988701,1357343.8508191644,267241,6678324.8915727185,618386.3946102671,15539420.175285857,293070.1380698882,4821001.278359753
489,12052163.049989607,1165271.5378485657,264186,6194722.5262110345,586851.7380730775,13373223.92264043,284388.86508072313,5409845.628454454
490,9098579.829258375,1418633.6642073544,249747,6567876.245179638,553555.5574279045,14048848.892796678,287242.6286293701,5354141.113268517
491,7262148.916781912,1185441.9482286714,248584,6081887.186477159,679804.9027413051,12678111.235937543,295562.67249032424,5887791.275238943
492,7001828.673466734,1132986.129002132,264080,6636303.542132015,612366.3412459639,14252595.688859452,265848.18387377233,5644908.793305886
493,13342839.414500413,1161209.2455045034,249186,6470789.614127354,697491.5730239109,13734482.721041204,274517.38893816,6275703.954376303
494,6855163.615192831,1385545.9951089781,258247,6982205.960630088,597284.8574394487,12484440.851567976,271216.45831905084,5582317.615251003
495,7269467.267096847,1375330.4718085146,240727,6473474.000247546,579000.6040869966,14057911.809489138,280487.8475268567,5980965.906578905
496,9009598.383800795,1222160.6681277286,242353,6733250.237065488,641647.5830278025,13958445.499579897,286916.1424193492,5639498.525571774
497,11938129.83712888,1100494.228349716,233739,6540251.27769568,671912.3782470674,14703112.882393343,248649.71453897798,5740754.80497641
498,11253078.382111317,1179291.2910652119,235388,6202159.525106982,682473.7080542218,14053692.049079182,284442.41743894224,5721507.683582788
499,10336202.949818192,1318268.034976711,224925,5783634.683648987,651720.5249235735,11917840.033308858,286570.1234836125,5126731.764967969
500,10272441.00164034,1148781.648291025,220457,6390615.0697002215,620344.9398934018,14484549.566666901,258978.15284359312,5235385.526783536
501,9670072.886451123,1314395.7497639493,218839,6789155.03413203,553895.446462915,12803902.654706975,271653.64056269685,6591383.519251007
502,9714761.897206271,1230458.301713071,225169,6495281.343846805,638099.6868177262,14343188.82675311,275124.0202723231,5500052.320806336
503,10602191.736367928,1225172.031239257,226380,6441119.998943111,545223.6103384085,16410410.575812278,269746.81043063325,6356841.711159104
504,9026041.087781498,1159738.8666492582,216319,6524542.294139291,629647.4914348162,14624091.651719863,262572.9841316464,6041958.181235625
505,9126077.912641238,1003694.1557781759,215287,6820416.215671752,569425.5539946916,14064534.089818815,266633.20266627625,5636466.791498048
506,7919873.842204196,1146695.71834002,206626,6799719.05409031,589713.2791176632,12237217.212453902,265034.39302869985,5903106.452087915
507,10676407.92973068,1144578.8135787456,213316,6283239.035036995,528054.4162065934,12021060.936368449,243281.6490197282,6890533.935184883
508,9843517.584021393,1222997.6716764574,205977,6336938.128351816,581147.81867308,14369705.18905289,240125.95949110025,6203875.555507685
509,7800713.503869008,1067633.6471999423,199582,6432001.006180731,649932.1964846037,15000591.764238693,274664.146380587,6045364.1495640855
510,7790698.121530126,1113042.9335994886,200021,6598368.047831995,583615.4386424358,13552546.821501803,256866.8128722661,5971710.502192746
511,8019906.944317086,1242014.5131864499,197057,6071170.780603794,529458.3465665635,13005439.139122643,238970.30218100167,5672741.755742837
512,11415063.36806935,1223139.1618029731,198220,6203843.2271878375,528344.5175093943,11987252.813315619,251544.15684432583,6699236.668671009
513,9103994.269480472,1070337.3639961802,183707,5842461.357988932,485302.5795188894,14407933.802478522,228418.88985212147,5613712.455342348
514,10389207.443930926,1095939.5393786896,177727,6666862.139167437,494225.7108449373,13469469.45223246,257696.34990422067,5047019.143256129
515,10335856.400603903,1106289.6568068552,186082,6649708.992992835,495495.28703443287,14798433.514354426,226291.72788106135,6873986.349726771
516,6912756.606461378,911237.5224233711,174399,6289017.4009796865,658885.8038161962,16297187.533946853,252136.9167570264,5714448.765993635
517,9515470.669960922,1021173.1351577216,173193,5859602.861095911,491572.67807279166,15007630.463055354,238080.00992889135,6484581.841140938
518,8655501.54178696,880193.1800370085,179263,6256954.110532705,500105.23131333216,12706153.485109564,257405.22125219056,6041598.172277996
519,7795104.865363827,917566.6999882348,164976,6039490.619389117,592430.3058168462,13219276.38273581,231414.948964712,5837103.923253983
520,11984120.881308328,969421.2713326894,164547,5929343.526460659,504325.9090652077,12464360.128935555,221863.75815754035,5436394.133638217
521,8495056.532694193,993033.6160896365,148745,6144625.459028386,442061.3439014516,13022010.646082358,238418.08880442355,6243473.621119683
522,9043041.89801715,903459.8946595666,157980,6069218.359625352,578632.4306307856,13446610.773283945,183396.09169265558,6409204.417337339
523,12136299.254012523,873586.1426289153,153279,5667929.84557632,544473.9040226036,15142648.98952116,250261.63728730686,6358395.452882375
524,10219071.188336473,1011004.6117363194,158858,6683939.603050078,560528.4479225402,16053965.70472379,214503.77464541435,6223337.253579118
525,11055422.653436659,1117657.8121282207,143887,6904060.935599813,516855.26553688344,14285949.544925947,210115.9462092323,5283846.932815271
526,10673913.163882228,988915.5658429327,133374,6631425.833798089,502433.94784406415,15245272.12235129,238175.08057434027,6555154.906350413
527,11122408.081778353,1112251.212595971,131717,6099542.625303719,482516.848729038,14128702.64585499,220265.22863405792,6502991.430929606
528,13055537.967643408,1054027.0157161858,139184,6011354.607574554,428696.5845818914,11712891.902222754,201934.3377911145,6286325.145717625
529,8817585.7057993,1119136.0537412222,125547,6607460.516006952,528221.1175406368,14804395.778890751,195436.01769724558,6154812.570540632
530,10459663.186580552,1055901.0939476734,141579,6701380.246181645,492338.96392507484,14610703.367859174,212566.20747373631,6313797.362987159
531,9034098.031562382,954965.454737842,124741,6416426.155934842,482822.465690654,14354617.879787987,217390.03237922039,7704788.185700894
532,7708137.028036252,885891.2295126847,115027,5913369.306403119,453253.2618678012,15742759.310003892,209836.2942417208,6633129.339646351
533,11062697.839119058,1012142.035658348,120505,5567319.187341988,459001.4664318195,11716661.42338062,213198.1058962305,6787272.227849709
534,8947291.171496997,939453.0101359506,113249,6514839.277771763,475581.80591141933,14125483.221143404,177512.37862295203,5921417.755912663
535,6090130.320680758,1004125.3810355576,109224,5852057.841334603,474614.9019972868,12962145.486292822,190032.66094506677,7131255.168188023
536,10952157.502501855,925097.4495317821,104076,6127557.148987405,347694.43552650814,12820560.726456484,225881.23723689676,6624195.4438753
537,11508591.305379622,789680.8217789971,104023,6364829.481139551,387552.1715290732,14644119.242058348,193950.5432855454,6686320.993879432
538,11037048.341210257,968048.9634362553,102904,5555314.6844994435,531132.4120127014,14105858.871916993,180943.267902558,6390160.385440375
539,13846389.13146025,1042547.5465426075,90615,6053255.988408888,399015.0813658573,13809658.176084701,198277.8326933485,5554676.481328832
540,9396351.553340517,957195.3637254379,99461,5853286.629617167,500909.23273828556,15859318.117847908,202877.85740061163,6381146.647965408
541,9946883.592137747,918011.4965293144,80960,6455911.980452274,437532.8774796227,13131645.559225693,221971.1502441191,5856655.530266045
542,9470104.387554826,939045.5727487471,83249,6174527.11090851,520640.7702287371,14238880.520241696,181758.92026496062,6143565.918847808
543,8812233.855067383,862217.3766954071,82671,6040698.275536018,442126.3573008593,13981704.322653923,197741.94386692086,6964535.681697219
544,9395548.582187569,882844.2986751853,60524,6305311.369829439,389930.29826414975,13380957.853832023,180048.54977246007,7007219.125910811
545,10942312.304236641,934932.5016064829,70186,6632132.173807127,425031.26566104166,14606543.608274147,201229.34876343078,7173094.010737075
546,9013211.474090535,853517.4137789985,63783,5814151.120140849,391723.10981009045,13653522.931718387,197887.50465303613,6740262.229215575
547,8399629.91394088,944956.1702817937,52864,5669385.487855358,349263.2402342933,14043676.13732757,201053.38021111686,6755065.363172818
548,12598043.057751823,873728.7233991793,60248,5400026.516749615,446971.55393076077,12123782.090659324,185289.43928963697,6827374.632272475
549,8908054.335121576,861797.1687118079,58999,5982129.1047229385,396373.77511220647,16776264.055238325,179378.9025531072,6566960.450440678
550,9739781.625741161,914876.8437766358,62704,6296767.369716783,366628.58023538836,11743980.94141313,175510.70910101515,6638622.914902214
551,8554166.167032456,738859.9422237115,38699,5871680.001334931,416491.56135431223,13505665.691708019,174211.3942216513,6864550.371258841
552,10683890.044496711,759693.2798820387,47399,6074962.998830288,382217.34227662993,13922518.637562588,186885.67934797533,7265416.183746337
553,9324417.478129648,819128.0056381425,35561,5458290.417502039,418774.74407904106,13436093.849912813,166082.60080103687,6978831.23703593
554,11876383.789609874,978655.8271246178,42224,5518111.2092194045,406332.1446338198,14616782.68157034,165056.25262341843,7407799.456226667
555,13332823.162303938,946335.8980512926,21412,5536982.308750105,391286.0424787794,14287638.129976403,196856.70918897982,6777941.175445678
556,10252891.602578072,848439.0139197488,21341,6015772.825964076,431284.3256532647,13876103.996014005,168133.99969214038,7554901.325447642
557,11906078.483101705,928916.6846673843,29455,5788050.846881872,280598.2339009118,15215629.76508694,159623.0124570206,6688808.898769921
558,9212351.21848995,830654.5450889278,16904,5174633.530713155,461061.93945360463,14585513.358656418,164873.73119236866,6079718.768291987
559,9938394.578193408,681620.1144014612,19804,6095966.958901812,458286.3176892714,14250038.369689716,161276.97632441673,6627694.31670889
560,12167011.409673601,888830.5130657745,7645,5564100.468821674,316022.3561113267,14153326.43923532,198934.3186336321,6765344.337351599
561,11320740.757798636,860477.7563214481,9111,5407741.489817593,415947.7456817861,14602776.870742708,171184.63952946532,6556612.240283703
562,9856620.430746118,643673.856442736,0,5898074.309461546,361083.6915830236,13581893.307150243,162257.64066168692,6455505.849836717
563,12699935.0673029,718169.3107544075,0,6219705.431954571,364742.0812189406,15564214.124905216,131161.78611295903,6521658.71217717
564,8924917.005374102,870121.9583703498,0,5680948.563156881,316541.76737715723,15492464.32802349,169487.8628269795,7319770.7856068695
565,10782785.354710884,714276.2946485853,0,5498384.591865309,372895.53161014646,13804022.839597672,194621.81399175493,7146364.8368497575
566,10018639.298383215,868562.6597059398,0,4748938.785613405,325015.1814623355,15671725.646074582,162046.27452611385,7019998.01620598
567,12345058.897064451,921715.8426626261,1949,5967535.854409841,422830.1161753723,14225833.149339987,149925.18961329578,7103016.741061574
568,9311237.01302032,731430.173818509,0,5931582.22494246,312123.7838634244,12362322.72837495,163575.98130843765,7982319.559082574
569,14361293.80749856,832309.8839455082,0,5488665.419513947,357479.1925714112,15941317.289714368,130897.6042452473,7032286.814797734
570,14233013.325815322,675938.5937516714,0,5390067.063515328,371003.5629482745,13009347.23203811,183683.78355393343,6917761.434265455
571,7952401.870448429,691981.605846966,0,5177756.507810036,366485.6579198932,14173855.93203465,165904.92650254295,7570959.145210173
572,14494426.722069781,829884.0198629597,0,5116580.070009098,275390.5357777624,14282829.883750243,154140.80522770836,7250957.544980564
573,8818801.55597225,798058.1380689803,0,5645347.409157977,272167.38807721104,14353729.587196352,165660.70388328063,6532638.148685101
574,10779831.396650916,675502.3496416322,0,5128825.05058952,271198.369595859,13373903.038352136,155245.0166674178,7516248.992615805
575,9898844.203169413,732614.0396200733,0,5169394.289590298,383087.06662240974,15317191.251836685,151907.04735164036,7701270.322589358
576,11092537.589177836,622672.7439469453,0,5196253.205938722,373883.77482283674,16153623.203228634,144922.44150441463,6939248.053613014
577,15141257.344608393,784675.4060680855,0,4888250.463270688,323691.7406413267,12956976.502323877,137284.40427951052,7426445.709221499
578,12229846.558219682,775087.8343260096,0,5602605.012132772,319902.4045026209,12989537.425620608,135712.8302000513,6596696.666353868
579,12269667.63434763,805986.6933125176,0,6096074.040625295,325523.2669924174,13144122.806796826,132326.59221456264,7477928.813323794
580,10550068.66869795,539323.2534969965,0,5180975.035940126,347656.9453686629,13549792.353662886,138769.09159398617,6895500.805269792
581,9281551.502060056,626770.0735764713,0,5363465.784992015,351625.4138110416,13515852.669736655,153497.6801266301,7790963.894243616
582,8101437.634752989,649215.6604014065,0,5009413.940679507,372071.77794204035,13217125.296291508,142583.4949737571,7442670.407111333
583,9478280.020802349,668798.2429656103,0,5754601.817377666,294347.86724523606,14708370.597770907,164148.96947745435,6504697.214838222
584,12597545.7253674,569069.4772068972,0,5429050.421443829,363576.66633173777,14547831.128737208,136573.2116895202,7366027.62194045
585,8268189.906203461,812347.7785056394,0,5377094.806737572,352079.481349897,14644523.757916326,110372.41954602755,7344811.602477552
586,13597813.2612083,734811.871723383,0,5526830.405856905,359009.250351146,15737760.301439682,123815.64126602269,7184579.699985735
587,9251391.650580043,798233.542920493,0,4883536.036856688,279534.5477790013,15104457.143574407,163200.85280749766,7695357.475838407
588,11844775.46359327,556639.0004572895,0,4986126.962542944,284610.80329027446,13285188.664309787,135577.9870305749,7883504.56541192
589,12005436.632295767,597790.6826784399,0,5556463.993206228,357019.3907269356,12480408.816062123,117166.06865080509,7034674.980052829
590,11778388.036090199,794854.3640460143,0,5190946.135944903,303025.0203668009,13225567.774173815,167997.13313272313,7607483.514487446
591,4046889.657251628,568420.1181593577,0,5131911.296342033,278217.0339081438,13445504.04326339,169285.17785889172,7294731.080076071
592,7302818.21990704,774242.1350342998,0,5552654.540394754,292932.1549658922,13142565.142916787,102807.3270003036,7532311.091715722
593,10609873.741191495,584010.9994000244,0,4923893.461173185,339778.78898505087,12450253.10659297,147800.69766450816,7487960.573625343
594,8893532.183235753,496526.30351822247,0,4524060.976663541,360342.34095240687,14121553.235750284,122345.96242080785,7739304.5862243
595,10340193.100280391,508456.9772629273,0,4734426.908749972,448003.6049786406,13304154.134082563,129375.52988895477,7415541.05866346
596,10735611.91929898,608884.9268291319,0,4902355.869306791,304577.9850714161,13731774.504919078,144305.44485037145,8436920.548027657
597,4737782.713750707,727190.5718830184,0,5628587.363644922,345776.33668277704,14655640.887741942,119844.60691777917,7654264.179686804
598,8729575.637120299,619997.6635031813,0,5050541.603203535,328159.806438632,13908210.801850788,120058.35031957197,7211420.292959612
599,8801708.394269196,533618.4425590099,0,4649440.578898894,274027.95804161683,14432150.791740034,116686.45415913223,8536750.082132585
600,11698296.43743434,599152.5763378708,0,5079295.101809581,235927.79722302145,14417395.49723573,132167.44723716355,7620862.454943852
601,11672032.432919826,627256.1300260506,0,4519379.147891577,292428.170281898,13608684.564395197,123514.04042981211,7474209.391974043
602,10307142.936389808,498840.4963716584,0,4939502.688621063,253337.8998443556,11855223.059178066,107461.12007893769,7966697.96157572
603,11439205.69448526,595988.6290405042,0,4653849.500581421,340488.5713735031,14339646.621243784,129460.60792692273,7505659.020520082
604,10796132.798047993,722799.9440237697,0,5096493.961539727,296034.00122733065,13421211.896486076,135269.8746011482,7983810.987884291
605,9153974.4845724,602588.1498401592,0,4973616.9924000045,301052.08057603997,14589385.820424797,158242.4375824931,7283903.1889577
606,9765651.335870368,562770.1272122064,0,4497204.110324882,378614.0446695849,13798008.86526751,158132.51922852587,7961777.93422264
607,8789424.319565982,653036.97576649,0,4882805.28476816,360693.4007286593,16493405.191238184,99982.40665924968,7643166.688079278
608,9436141.55681329,581954.9661446834,0,4942038.370041987,306558.12340684654,15762186.450542137,142568.73156403058,7603009.181103952
609,9476097.741063498,756839.4441796979,0,4753635.4517499395,219201.20840886055,15201484.761729568,105068.96427650297,8149701.779526929
610,9844263.029199006,440356.87825695076,0,4455140.906037219,344782.9944044107,13663050.714025255,138625.8122299522,8381400.888746289
611,8627005.324634312,608651.307428147,0,4721541.634790317,275482.4606196089,14153141.68920912,112528.97303803975,7790683.910350069
612,13335104.948372178,592432.904130885,0,4475979.431536572,283218.13138583786,14005102.28456822,109485.60115500679,8066906.774164704
613,10429571.17980382,437402.90701340535,0,4316032.30270576,285303.3832742612,13241010.660784345,101055.54059343567,7086153.88216447
614,10963328.466379188,749087.1303317895,0,4726536.773841834,330856.84736629686,13542294.677002966,98512.07695802081,7956949.716891638
615,9510826.572984304,594690.2031609437,0,4577151.257154077,296681.15759932296,13970538.118694054,134988.95351248494,7971389.132498955
616,8970758.594730943,516023.4517041848,0,4535115.873817025,257037.1714954014,13649341.450611282,90363.7595935585,7426531.744378184
617,9517310.102431506,621894.7016331594,0,4456170.162334797,302131.3277691066,14588684.264440466,107419.12146389099,7715576.910152996
618,13283707.019321848,481224.86592098646,0,4451590.9230313655,204076.26870759565,14023859.812963521,91891.592067432,8006128.900312532
619,8633150.422445014,589885.7688250337,0,4322862.311222388,279122.03457601566,14920057.341316683,84626.84480795903,7649923.364981691
620,11674491.654171258,590745.4406323328,0,4104080.1310378113,238282.06730947035,16130502.259838333,114104.0532830578,7882745.850469541
621,10669142.398852456,496527.5819358293,0,4836772.898212129,207089.38754129055,14287839.334859392,121154.52444090958,7504830.065155951
622,14481057.670345135,502403.10723619617,0,3807040.6552554253,241102.41697493376,14438490.825487029,125181.13076418678,8261441.654634575
623,9896539.990323385,548704.8045293125,0,4863120.694411062,287822.7383588878,12945173.083724787,126413.87108502709,8454946.711633768
624,11781195.680400277,565758.691940075,0,3789104.974380646,290037.99968915805,15357045.275852092,101763.69547635899,7153380.373727621
625,13491776.792177211,694640.4045846624,0,4496777.021514811,301023.64285630634,14699359.029263245,137264.77039055113,8620542.41048005
626,13257258.23183567,667174.7735513103,0,4253559.148882905,288329.0435398866,14101461.47983107,83028.70369394662,8113761.841186235
627,7485654.950532749,360299.00941177196,0,4209650.36411405,284600.6688257025,14321616.568494746,89466.90088668873,7651439.82130364
628,10871223.721103447,516785.08917476074,0,4336155.170244274,281808.1855355078,16236964.935532248,118061.3314223115,8277457.888371777
629,8436657.329427699,580619.2195439475,0,3919056.9736042023,201154.94593300164,15176304.559599081,94899.67742029935,8587774.563950604
630,13983060.281925417,437895.5954792116,0,4381462.814522692,242638.1502191347,14117083.303563828,152683.6367906846,8041454.232534604
631,6813288.968509162,776373.0807730757,0,4311493.400415106,201190.86268982143,15013503.737358838,109909.56329713608,8842103.145576488
632,14377573.98967932,661650.2177909651,0,4766076.575252024,217748.88031900278,14581170.080456385,117266.65123130518,8822722.873087285
633,12252847.43230559,497517.2992442988,0,3612526.693136606,225067.25642314678,12572354.855732325,109061.1181336369,7711469.052219011
634,7959952.615041252,698430.9541540743,0,4195558.797230147,241267.54975870426,15175080.885995567,95384.83264341544,7785204.363996127
635,8676406.51789808,388521.27257835364,0,4750921.329950249,201014.231156785,12505053.463667449,117025.94318812029,8046748.455470447
636,12921583.143058728,575071.8509203006,0,3873150.1381760626,310499.6921496239,13961082.617698101,110855.53568372468,7769056.913561361
637,9016086.538233923,369302.04487078206,0,4159294.4832097027,209739.262814207,14734209.828696331,112445.94210633135,8295177.346556301
638,8951101.77354204,474334.5494694267,0,4227448.993149147,245518.46566533353,14980410.245098399,113108.95657107374,7457847.095595065
639,13923616.422170456,507543.63089477574,0,4415810.872955352,241354.07394827448,15992792.228292808,154615.08089235952,7726428.9545458965
640,9815409.614154771,471556.8842356384,0,4009000.186982749,260228.6765621773,14990028.09126094,111398.79847983846,8117329.723354947
641,10992294.618198263,517614.0865914985,0,4423492.731074421,184190.76480459404,13408793.018306326,97654.4329537581,7537733.902473217
642,11513875.635235336,371553.4391953289,0,4509503.698483744,189971.81773283,13828640.239684382,96858.92318853324,6893745.87093998
643,6342068.212712336,476833.72970044997,0,4554381.910461968,248282.50990326816,13926641.796359152,122986.93333619308,7205353.491851224
644,11533348.544654531,732736.8763688753,0,4817686.821551931,220767.99520269266,14673939.24636072,135509.93317668987,7388002.005750333
645,13361971.326244859,353011.46935851977,0,4675433.247208755,266362.8892712228,16871220.319056254,151067.63392066472,7116589.765534598
646,10325622.5742498,585438.697435037,0,3910088.1079734424,225081.33734525097,16775093.056785572,115184.72883649704,9219951.467261553
647,8779118.393014012,479484.9641434938,0,3956278.535513275,273888.86163339054,13913647.137335492,104261.44503868239,7177677.246505237
648,9328884.923569027,664821.6234544221,0,4170602.216122372,298003.79430817545,14149487.119492177,105974.83145959268,7704570.154861243
649,11069387.077433743,292843.7150840375,0,4391483.047959487,192954.30855636363,15101356.830695108,116035.80787185472,9013172.418666603
650,10434426.76411956,399967.6277059826,0,4153628.049274581,265806.9344154999,15081135.5575341,106033.00473292333,8370509.107440535
651,11111077.559509696,529795.9146103929,0,3675228.166066906,135577.9424032932,14278370.933190316,121762.54705902911,8335171.329666323
652,15495352.489318434,563556.586277341,0,3997423.3865991957,256409.0777148787,13502327.895671766,93347.97369820515,8213048.20778113
653,9281267.161331214,470138.40035223245,0,4240349.925269866,272161.3915431989,14436348.515910307,104737.03469525714,8086890.74037567
654,10957780.402246354,649881.3099481991,0,3493203.3045304893,227502.18693049086,13616918.681676669,87301.29531203165,8204681.257831063
655,14565325.7464175,459568.36239973665,0,3821551.5740560656,258182.27439337753,13701981.424656203,75001.74464121633,7576855.127404976
656,11033480.590088183,564697.12509654,0,3715984.6791828945,145309.87873027695,13063402.730522288,115329.05925914062,8411496.12389873
657,11480141.570070669,639736.0113928098,0,4103701.5507477247,199109.0418374638,15888193.778536962,107439.14766248345,8073141.302902074
658,13267891.739519965,490684.82066047395,0,3760467.125151663,208451.12838140765,14203827.45668455,94736.80897090618,8740926.415217249
659,9724702.408327697,356972.46198082424,0,3617855.090688209,200676.76302036585,13307561.246246703,125272.8051582194,8986097.49472128
660,11599200.109340642,430571.59867953055,0,3342961.1312178955,208181.04580284585,16342028.709803432,84663.38853293823,8614027.426280085
661,12153601.57811758,368500.59138502425,0,4230907.361687151,249315.25556322333,16409160.469950272,69020.30320578127,7677044.427974565
662,9488067.365924492,419944.2986242057,0,4059361.00976195,362902.37120674446,14597652.080109414,126695.88257471588,8099574.596189337
663,10989379.656444164,519704.7974839051,0,3667394.546588251,283545.22876283247,15217319.622990353,112759.89121002263,8013979.340112159
664,11634371.083713353,429312.98663567903,0,3671116.7866861224,157129.84172919716,15293892.11929036,85731.58059108742,7635376.004680174
665,12245371.576075595,430452.19538549264,0,3790169.3542043846,266594.80119696184,13844665.020526487,92049.55603874702,8820744.362132056
666,10981768.486858876,655414.2527508083,0,3576896.7716249074,222165.35810793334,16599638.753409192,92708.89170535751,8141800.657668201
667,9973095.93964086,443627.1508757399,0,3584441.3666924867,293042.8671787045,15679449.269100895,116097.97974543573,8967643.94725652
668,12484531.719326673,462588.31754336646,0,2944400.2819622504,201512.79990055694,13338754.94570406,77739.55911201036,7685577.244963609
669,11039854.309672471,443822.7547571593,0,3500035.735486702,172631.43933137396,16545939.235836936,118424.22009039774,8141386.736782261
670,12319944.576408098,467643.12722942553,0,3861361.7186470265,261605.31713834207,14435306.626119398,95702.73031416707,8403735.170544183
671,10148030.344387561,671309.2541769621,0,3993580.1597050196,156814.55135888077,13954612.02445503,110093.51818001716,7966963.447154721
672,12695092.752587926,386242.2840877397,0,3891011.4470446794,220218.53217839543,15209768.582402293,96994.77327743279,8168245.9174468815
673,9683743.755455801,561048.5220559236,0,4017112.7154891696,116991.74349899442,14754231.66249898,135040.7204413728,8551679.053397303
674,9618702.132725794,435740.18557461386,0,2402078.072787701,197618.66745732917,13623458.278860904,90801.13379012451,9184704.89867159
675,12847282.002621554,505241.0469006668,0,3736525.6509427372,202811.87769338142,15345698.253473544,87174.47214692854,7572068.7957448065
676,12748715.30216911,417084.83901076374,0,3868420.1769259423,273302.56634361984,15436730.952558946,68246.79904118532,8288802.203387197
677,9946314.069436373,515556.88951520354,0,3187979.4564908007,195119.97126627367,14630302.328404445,57328.052236053954,8809834.678968836
678,5967437.850614349,345809.9516744926,0,3721967.4811575473,192242.83612851886,12927199.846617062,55157.85066390485,8019421.99780362
679,13567805.885856494,328336.30233551963,0,3388796.102865295,248987.18580510997,14365126.507065095,126477.27112564922,8920029.956764314
680,14148581.376157243,685866.0692977458,0,3776230.5891009597,205167.05436403566,13782648.92539996,62132.37660491944,8696822.990877882
681,11542800.244476225,475558.65499862784,0,3825995.634695552,191420.43492565904,15718681.098848922,77409.85058973666,8205329.698429963
682,12605999.458930783,430492.6897019003,0,3880883.0895333206,175475.3282603544,13476849.33573173,88436.67883016079,8028082.355104866
683,10194706.838456001,547203.3854603667,0,3724717.4436164536,169488.45363384232,14943698.65034688,57100.76802938616,8986700.25851274
684,9041246.723823478,491878.07690998545,0,3467541.060626083,172692.48154089524,16253551.596340898,73343.57508641267,8651396.469521191
685,9106348.672489384,338734.43989239424,0,2984418.251385634,188532.04176385535,14919494.893197486,57278.84564025815,7821162.681015469
686,11258956.593812207,315862.0834345869,0,3049845.2905352665,233433.6133341887,15243583.1141879,79527.83213723768,8475588.077164821
687,14181444.917638987,459251.22281252197,0,3125086.6354532554,244516.4126878344,12638031.417695574,87767.79819948424,7752510.529986194
688,10000054.828398481,355231.1016946741,0,3311614.1950104884,166380.6135905907,14757094.698061023,127405.22287243593,7267604.52294926
689,11227557.16656297,371990.4003608788,0,3452814.0751435403,214642.34200038112,13828064.039337108,85301.80425829247,8481560.088633692
690,13914262.101268085,381463.6624714325,0,3157999.8155150795,170038.19787911884,14998947.657340253,98589.83583016018,8789510.719391726
691,9549047.001803054,413241.62960688164,0,3183896.8739951453,144756.49312861112,15341515.074930307,127754.07553865795,8535265.61244553
692,11155446.323793713,370149.2533585869,0,2976980.4840468746,178191.4008600626,15400991.733450891,92169.04185486735,8120680.726253169
693,13274071.194125157,448019.40219974273,0,3437723.341675612,279232.9929489584,14604928.655425714,69345.11157480239,8173988.425323273
694,8671066.517979274,337172.21788552654,0,3452728.520609308,186335.28987728525,16259644.164833918,91669.19956070396,7959619.704557627
695,10138621.557525134,475332.113949585,0,2880591.059304544,211324.5826321411,14922161.6675476,58391.8658234344,7939923.958805423
696,9909897.592280688,285177.2264613524,0,3652314.902930322,169749.62674143075,15518630.279083567,108139.58085679324,8070505.494098895
697,10945217.605759129,420583.0913065218,0,2959125.031155436,174869.49416166195,13066355.196406234,114864.8788478104,8207925.4253752185
698,13670598.628142558,352114.877666852,0,3041438.886042412,135076.81902812395,14308635.283772994,90355.22161366044,7779877.697449638
699,6986327.045252614,335718.54706145346,0,2806301.713061352,225568.46994797027,14673938.562475523,64333.254961678555,8968047.04005832
700,10717532.31007243,380958.68833179184,0,3432639.901042108,129327.86962698767,15949200.705105225,81845.91401034672,8767704.656839207
701,8681136.306447202,384424.6367064737,0,2792465.552948148,149719.7538965722,14586260.291037856,94649.3729684137,8005935.125709819
702,10672845.467982238,441986.29358542676,0,3353023.4188947016,161950.65746333945,13668160.599210735,94424.52167377836,9363982.01420806
703,9086548.706434041,444889.94268336316,0,4004228.8333239285,238335.461181024,12813562.9187483,94822.41881977161,7907040.851143849
704,11119483.818484517,454355.78447195195,0,3082731.622549523,190557.47521888034,13851927.106504396,105568.5572708699,8757535.421119658
705,8491005.44706342,444466.43332761165,0,3039064.431261171,171074.34641295488,12817890.393456018,87881.36098135148,8305049.589022443
706,11848785.522520242,335225.5893301785,0,3601118.0248875567,209636.13679680126,14107283.477520594,90607.45903359185,8831535.16307611
707,8198230.597786415,388812.72135364346,0,3165756.8288539113,200206.00008034598,14031122.154681463,77811.50268621814,8094199.940179365
708,12286481.789758751,428330.4465763428,0,2842090.7044564374,217041.70251167958,15887681.600746453,87964.58140698708,8680618.141178219
709,10029432.879992645,385641.37126297585,0,3153795.303482038,231080.71419671792,15465219.317917166,85282.24838404365,8336448.115914929
710,5778489.262798233,154955.94856017013,0,2987080.972134535,209823.6533130444,15009263.33306129,101414.43396832391,8590769.187513612
711,8283975.136991785,451402.98074780963,0,3676379.3049078137,167041.24229077267,14189735.841277093,65834.93116323018,9059540.481020588
712,12432485.995281797,483278.8603161085,0,2631464.2058586213,217580.34905340546,15879212.588465314,92316.7046785272,8338429.195551827
713,8476508.949592143,177519.59824643566,0,3141559.81123142,142983.06459615927,14024277.219724385,54638.36692363427,8987930.735749371
714,13002210.449860064,546132.3547862128,0,2870099.3944846457,125619.66028939642,16260926.50592659,81490.59368473104,9668077.691803975
715,13747911.038336443,325741.2840215722,0,2910883.5857072077,165257.27418318638,14945478.955893394,96519.23133328985,9161747.6416175
716,7323036.697661888,446104.32861679967,0,2418403.9522338226,229420.03757244739,14872289.871422017,62059.533212804614,9305649.241889821
717,11673272.732589075,358528.49744985125,0,2917854.95575207,255715.1760960633,14831529.72120506,94396.59598342108,8325213.457632095
718,9653544.270499788,339842.9609712098,0,2942790.902160187,286883.87616493803,15275810.495971732,84717.8300698319,9614372.363456452
719,11268545.003889613,456262.9708611089,23,2660466.9886248135,218055.59849029622,15461426.107929127,110916.15577270245,8273414.33629791
